{
    "timestamp": 162301.254278625,
    "intrinsics": {
        "fy": 1458.2776,
        "fx": 1458.2776,
        "cx": 963.1212,
        "cy": 716.15796
    },
    "quat": [
        -0.35339382,
        -0.058718383,
        -0.6610853,
        0.65926576
    ],
    "h": 1440,
    "w": 1920,
    "pos": [
        -0.05899056,
        -0.088468425,
        0.09414761
    ]
}