{
    "pos": [
        -0.033624876,
        -0.089903384,
        0.10028225
    ],
    "w": 1920,
    "h": 1440,
    "intrinsics": {
        "cx": 963.1768,
        "cy": 716.51227,
        "fx": 1458.8856,
        "fy": 1458.8856
    },
    "quat": [
        -0.28355408,
        -0.117378555,
        -0.68584204,
        0.6598788
    ],
    "timestamp": 162302.354648708
}