{
    "timestamp": 162297.853134416,
    "pos": [
        0.008961018,
        0.06743993,
        -0.1701813
    ],
    "intrinsics": {
        "fx": 1476.8176,
        "fy": 1476.8176,
        "cy": 716.6528,
        "cx": 960.3037
    },
    "quat": [
        -0.34732622,
        -0.41974854,
        -0.64317006,
        0.5380595
    ],
    "w": 1920,
    "h": 1440
}