{
    "h": 1440,
    "timestamp": 162300.1539085,
    "intrinsics": {
        "fx": 1464.2167,
        "cy": 716.23096,
        "fy": 1464.2167,
        "cx": 963.03925
    },
    "pos": [
        -0.013559481,
        -0.053837202,
        0.10525327
    ],
    "quat": [
        -0.20257798,
        -0.18367684,
        -0.7066557,
        0.6525815
    ],
    "w": 1920
}