{
    "pos": [
        -0.020692581,
        0.0041196737,
        -0.017697498
    ],
    "quat": [
        -0.16896139,
        -0.22228406,
        -0.73848796,
        0.6137406
    ],
    "w": 1920,
    "timestamp": 162299.5537065,
    "h": 1440,
    "intrinsics": {
        "cy": 716.3491,
        "fx": 1476.3854,
        "fy": 1476.3854,
        "cx": 962.1929
    }
}