{
    "w": 1920,
    "intrinsics": {
        "cy": 716.53076,
        "fx": 1458.92,
        "fy": 1458.92,
        "cx": 963.1706
    },
    "timestamp": 162302.654749625,
    "quat": [
        -0.23541687,
        -0.18779103,
        -0.70404464,
        0.64314425
    ],
    "pos": [
        -0.010863133,
        -0.09700659,
        0.10706784
    ],
    "h": 1440
}