{
    "intrinsics": {
        "fx": 1456.3845,
        "cy": 716.1815,
        "cx": 963.3658,
        "fy": 1456.3845
    },
    "h": 1440,
    "timestamp": 162300.954177625,
    "quat": [
        -0.297435,
        -0.12223817,
        -0.6933222,
        0.64489895
    ],
    "pos": [
        -0.03236675,
        -0.091766804,
        0.10167092
    ],
    "w": 1920
}