{
    "w": 1920,
    "pos": [
        -0.004065697,
        0.06513747,
        -0.12007014
    ],
    "quat": [
        -0.32639205,
        -0.40309712,
        -0.6520094,
        0.5530503
    ],
    "timestamp": 162298.55337,
    "h": 1440,
    "intrinsics": {
        "fy": 1475.1731,
        "cy": 716.6066,
        "fx": 1475.1731,
        "cx": 960.4672
    }
}