{
    "pos": [
        -0.0075405724,
        -0.12782642,
        0.092108816
    ],
    "w": 1920,
    "intrinsics": {
        "fx": 1459.4095,
        "cx": 962.94946,
        "cy": 716.3334,
        "fy": 1459.4095
    },
    "timestamp": 162303.238279041,
    "h": 1440,
    "quat": [
        -0.2678079,
        -0.2659474,
        -0.70657706,
        0.5985815
    ]
}