{
    "intrinsics": {
        "fy": 1475.2611,
        "fx": 1475.2611,
        "cy": 716.60645,
        "cx": 961.14465
    },
    "timestamp": 162299.253605541,
    "quat": [
        -0.19237627,
        -0.26358384,
        -0.72547174,
        0.60597503
    ],
    "h": 1440,
    "pos": [
        -0.019025913,
        0.034801975,
        -0.066861704
    ],
    "w": 1920
}