{
    "w": 1920,
    "intrinsics": {
        "fy": 1473.1923,
        "cx": 962.8676,
        "cy": 716.2826,
        "fx": 1473.1923
    },
    "pos": [
        -0.021106238,
        -0.024692636,
        0.04220777
    ],
    "quat": [
        -0.18656667,
        -0.1960633,
        -0.73538506,
        0.62125754
    ],
    "h": 1440,
    "timestamp": 162299.853807541
}