{
    "intrinsics": {
        "fx": 1468.5381,
        "fy": 1468.5381,
        "cx": 959.47815,
        "cy": 716.8062
    },
    "pos": [
        0.076870255,
        0.22481868,
        -0.316146
    ],
    "quat": [
        -0.3882829,
        -0.4788489,
        -0.5992891,
        0.51067877
    ],
    "w": 1920,
    "h": 1440,
    "timestamp": 162624.657066583
}