{
    "pos": [
        0.043546572,
        0.2030711,
        -0.159309
    ],
    "h": 1440,
    "intrinsics": {
        "fx": 1466.7177,
        "cy": 716.7346,
        "fy": 1466.7177,
        "cx": 961.5283
    },
    "quat": [
        -0.23801777,
        -0.35186246,
        -0.6836135,
        0.5934754
    ],
    "w": 1920,
    "timestamp": 162627.407994791
}