{
    "quat": [
        -0.13257751,
        -0.25961953,
        -0.7056509,
        0.64581555
    ],
    "w": 1920,
    "h": 1440,
    "intrinsics": {
        "cx": 963.0429,
        "fx": 1471.4637,
        "fy": 1471.4637,
        "cy": 716.8256
    },
    "timestamp": 162629.492030916,
    "pos": [
        0.032965392,
        0.11830088,
        -0.105605245
    ]
}