{
    "w": 1920,
    "h": 1440,
    "pos": [
        0.053343184,
        0.22855309,
        -0.20159042
    ],
    "intrinsics": {
        "fx": 1464.9165,
        "cx": 960.54553,
        "fy": 1464.9165,
        "cy": 716.79926
    },
    "timestamp": 162626.607724875,
    "quat": [
        -0.29743528,
        -0.40330166,
        -0.65694654,
        0.56329507
    ]
}