{
    "intrinsics": {
        "fx": 1465.6583,
        "fy": 1465.6583,
        "cx": 959.90454,
        "cy": 716.8242
    },
    "w": 1920,
    "h": 1440,
    "timestamp": 162625.9074885,
    "quat": [
        -0.34427756,
        -0.44637856,
        -0.62654406,
        0.5382021
    ],
    "pos": [
        0.06430689,
        0.23738042,
        -0.2511886
    ]
}