{
    "pos": [
        0.09186014,
        0.061309766,
        -0.10070981
    ],
    "intrinsics": {
        "fy": 1470.2437,
        "cx": 963.4749,
        "fx": 1470.2437,
        "cy": 716.78436
    },
    "w": 1920,
    "h": 1440,
    "quat": [
        -0.17481105,
        -0.16647792,
        -0.70934516,
        0.6622354
    ],
    "timestamp": 162631.909512666
}