{
    "pos": [
        0.03991968,
        0.16443829,
        -0.12795262
    ],
    "quat": [
        -0.17147337,
        -0.29799202,
        -0.7014356,
        0.6243282
    ],
    "intrinsics": {
        "cx": 962.48083,
        "cy": 716.84564,
        "fx": 1468.9243,
        "fy": 1468.9243
    },
    "h": 1440,
    "timestamp": 162628.391659958,
    "w": 1920
}