{
    "h": 1440,
    "timestamp": 162630.709108041,
    "pos": [
        0.039898064,
        0.06822501,
        -0.08822833
    ],
    "intrinsics": {
        "fx": 1471.4904,
        "cx": 963.5735,
        "fy": 1471.4904,
        "cy": 717.0514
    },
    "w": 1920,
    "quat": [
        -0.10238344,
        -0.21272151,
        -0.703765,
        0.6700612
    ]
}