{
    "pos": [
        0.20362821,
        0.04791654,
        -0.16873914
    ],
    "w": 1920,
    "timestamp": 162635.410692291,
    "h": 1440,
    "quat": [
        -0.3573573,
        0.014442447,
        -0.62652034,
        0.6925024
    ],
    "intrinsics": {
        "fx": 1476.3167,
        "fy": 1476.3167,
        "cy": 716.8253,
        "cx": 963.4084
    }
}