{
    "intrinsics": {
        "fx": 1477.4944,
        "cy": 716.8438,
        "fy": 1477.4944,
        "cx": 963.5361
    },
    "h": 1440,
    "quat": [
        -0.29624116,
        -0.048623007,
        -0.65698016,
        0.69155914
    ],
    "w": 1920,
    "pos": [
        0.17819254,
        0.05870597,
        -0.14534964
    ],
    "timestamp": 162634.510389125
}