{
    "quat": [
        -0.23443627,
        -0.10617899,
        -0.68936306,
        0.67715895
    ],
    "pos": [
        0.13844097,
        0.062277038,
        -0.11589543
    ],
    "w": 1920,
    "h": 1440,
    "timestamp": 162633.109917291,
    "intrinsics": {
        "cx": 963.40643,
        "fy": 1473.3987,
        "fx": 1473.3987,
        "cy": 716.7281
    }
}