{
    "quat": [
        -0.24489781,
        -0.37477854,
        -0.68836826,
        0.5707146
    ],
    "intrinsics": {
        "fy": 1466.1249,
        "fx": 1466.1249,
        "cx": 961.35535,
        "cy": 716.6842
    },
    "pos": [
        0.0127347745,
        0.16790849,
        -0.14213179
    ],
    "h": 1440,
    "w": 1920,
    "timestamp": 162217.77999525
}