{
    "pos": [
        0.047991864,
        0.014312044,
        -0.02648333
    ],
    "intrinsics": {
        "cy": 717.05347,
        "fx": 1470.3011,
        "fy": 1470.3011,
        "cx": 963.86633
    },
    "h": 1440,
    "quat": [
        -0.13060398,
        -0.13907062,
        -0.7005428,
        0.6876348
    ],
    "timestamp": 162223.581937375,
    "w": 1920
}