{
    "pos": [
        -0.017338272,
        0.06100952,
        -0.04409326
    ],
    "w": 1920,
    "timestamp": 162221.081099916,
    "intrinsics": {
        "fy": 1470.9244,
        "fx": 1470.9244,
        "cx": 963.51685,
        "cy": 717.0126
    },
    "h": 1440,
    "quat": [
        -0.083332255,
        -0.24882853,
        -0.7141956,
        0.64889497
    ]
}