{
    "pos": [
        -0.0026665851,
        0.013602436,
        -0.029712144
    ],
    "w": 1920,
    "h": 1440,
    "timestamp": 162222.381535375,
    "intrinsics": {
        "cy": 716.94324,
        "fx": 1472.1864,
        "fy": 1472.1864,
        "cx": 963.93787
    },
    "quat": [
        -0.06534646,
        -0.19112714,
        -0.7147666,
        0.6695587
    ]
}