{
    "timestamp": 162224.682306041,
    "quat": [
        -0.19888955,
        -0.08069042,
        -0.68518627,
        0.69602567
    ],
    "pos": [
        0.087983035,
        0.0082293,
        -0.041930668
    ],
    "intrinsics": {
        "fx": 1473.4177,
        "fy": 1473.4177,
        "cx": 963.8146,
        "cy": 717.12213
    },
    "w": 1920,
    "h": 1440
}