{
    "quat": [
        -0.13672496,
        -0.2866652,
        -0.7151303,
        0.62267
    ],
    "intrinsics": {
        "fy": 1470.3048,
        "fx": 1470.3048,
        "cx": 962.9581,
        "cy": 716.7253
    },
    "pos": [
        -0.0030997912,
        0.109856874,
        -0.06498818
    ],
    "h": 1440,
    "w": 1920,
    "timestamp": 162219.880698083
}