{
    "pos": [
        0.021036386,
        0.18667728,
        -0.18475495
    ],
    "h": 1440,
    "timestamp": 162216.879694083,
    "quat": [
        -0.30130613,
        -0.43204153,
        -0.65624774,
        0.5402719
    ],
    "w": 1920,
    "intrinsics": {
        "fx": 1464.2625,
        "fy": 1464.2625,
        "cx": 960.5321,
        "cy": 716.7596
    }
}