{
    "quat": [
        -0.18652219,
        -0.31975755,
        -0.70607805,
        0.6036707
    ],
    "timestamp": 162218.780329916,
    "intrinsics": {
        "fy": 1468.4194,
        "fx": 1468.4194,
        "cx": 962.27954,
        "cy": 716.7584
    },
    "w": 1920,
    "h": 1440,
    "pos": [
        0.0024318919,
        0.14543009,
        -0.10291125
    ]
}