{
    "w": 1920,
    "timestamp": 162215.379192125,
    "quat": [
        -0.34531832,
        -0.46245113,
        -0.6337694,
        0.5150053
    ],
    "pos": [
        0.04109592,
        0.1910981,
        -0.2356982
    ],
    "intrinsics": {
        "fy": 1464.8782,
        "cx": 960.219,
        "fx": 1464.8782,
        "cy": 716.7759
    },
    "h": 1440
}