{
    "quat": [
        -0.0692218,
        -0.29104826,
        -0.704432,
        0.64364177
    ],
    "intrinsics": {
        "fx": 1464.8324,
        "cx": 963.2317,
        "fy": 1464.8324,
        "cy": 717.05865
    },
    "w": 1920,
    "timestamp": 161264.569575291,
    "h": 1440,
    "pos": [
        0.1685986,
        0.11382318,
        0.033492696
    ]
}