{
    "w": 1920,
    "h": 1440,
    "pos": [
        0.21222019,
        0.29722518,
        -0.03539759
    ],
    "quat": [
        -0.2419704,
        -0.44096115,
        -0.6740718,
        0.5409538
    ],
    "intrinsics": {
        "cy": 716.8316,
        "fx": 1453.9944,
        "cx": 960.7885,
        "fy": 1453.9944
    },
    "timestamp": 161261.768619916
}