{
    "intrinsics": {
        "fx": 1467.9261,
        "cx": 963.7734,
        "cy": 716.7057,
        "fy": 1467.9261
    },
    "pos": [
        0.3003505,
        0.029796341,
        0.050631978
    ],
    "quat": [
        -0.17120886,
        -0.105757944,
        -0.7095387,
        0.6753204
    ],
    "h": 1440,
    "timestamp": 161267.770666416,
    "w": 1920
}