{
    "h": 1440,
    "quat": [
        -0.049399108,
        -0.27979052,
        -0.7056377,
        0.6491167
    ],
    "intrinsics": {
        "fy": 1468.5763,
        "fx": 1468.5763,
        "cx": 963.51843,
        "cy": 717.1095
    },
    "w": 1920,
    "timestamp": 161265.569916416,
    "pos": [
        0.17333138,
        0.061691254,
        0.040037334
    ]
}