{
    "w": 1920,
    "intrinsics": {
        "fx": 1469.0352,
        "cx": 963.77905,
        "cy": 716.7762,
        "fy": 1469.0352
    },
    "pos": [
        0.26172188,
        0.030735554,
        0.06007766
    ],
    "quat": [
        -0.11552234,
        -0.17311117,
        -0.7194775,
        0.6626004
    ],
    "h": 1440,
    "timestamp": 161267.070427791
}