{
    "pos": [
        0.20027697,
        0.26155877,
        -0.0004990946
    ],
    "quat": [
        -0.19416213,
        -0.4085801,
        -0.6853692,
        0.5706422
    ],
    "intrinsics": {
        "cx": 961.4762,
        "cy": 716.878,
        "fy": 1454.5068,
        "fx": 1454.5068
    },
    "w": 1920,
    "h": 1440,
    "timestamp": 161262.368824583
}