{
    "timestamp": 161263.169097666,
    "pos": [
        0.18792263,
        0.21194564,
        0.02016677
    ],
    "quat": [
        -0.14085627,
        -0.3560161,
        -0.7018801,
        0.6006466
    ],
    "intrinsics": {
        "cx": 962.3253,
        "fx": 1456.9696,
        "fy": 1456.9696,
        "cy": 716.9624
    },
    "w": 1920,
    "h": 1440
}