{
    "pos": [
        0.2527061,
        0.307878,
        -0.14242032
    ],
    "timestamp": 161260.668244166,
    "w": 1920,
    "intrinsics": {
        "fx": 1452.7936,
        "fy": 1452.7936,
        "cx": 959.8025,
        "cy": 716.82623
    },
    "quat": [
        0.30706537,
        0.5035207,
        0.647599,
        -0.48248655
    ],
    "h": 1440
}