{
    "w": 1920,
    "intrinsics": {
        "fx": 1452.9006,
        "cx": 959.7769,
        "fy": 1452.9006,
        "cy": 716.89105
    },
    "pos": [
        0.26343668,
        0.30517784,
        -0.20092434
    ],
    "quat": [
        0.3245234,
        0.5167544,
        0.6382306,
        -0.46937314
    ],
    "h": 1440,
    "timestamp": 161259.667902791
}