{
    "w": 1920,
    "timestamp": 161261.168415125,
    "pos": [
        0.23346981,
        0.30987358,
        -0.088142835
    ],
    "quat": [
        -0.28201193,
        -0.47921678,
        -0.658981,
        0.50652224
    ],
    "h": 1440,
    "intrinsics": {
        "fy": 1453.9178,
        "fx": 1453.9178,
        "cx": 960.1144,
        "cy": 716.7808
    }
}