{
    "pos": [
        0.21081915,
        0.03163238,
        0.05545605
    ],
    "quat": [
        -0.06993419,
        -0.2406723,
        -0.7149563,
        0.65270483
    ],
    "intrinsics": {
        "fy": 1468.5916,
        "fx": 1468.5916,
        "cx": 963.6691,
        "cy": 717.1376
    },
    "w": 1920,
    "h": 1440,
    "timestamp": 161266.37018925
}