{
    "pos": [
        0.3408027,
        0.022635737,
        0.03447216
    ],
    "timestamp": 161268.670973125,
    "w": 1920,
    "intrinsics": {
        "cx": 963.8481,
        "fy": 1469.7312,
        "cy": 716.71094,
        "fx": 1469.7312
    },
    "quat": [
        -0.23922566,
        -0.040423498,
        -0.68804187,
        0.6839119
    ],
    "h": 1440
}