{
    "timestamp": 161263.8693365,
    "quat": [
        -0.10913973,
        -0.3105313,
        -0.7090548,
        0.6236186
    ],
    "intrinsics": {
        "cy": 716.96173,
        "fy": 1461.1879,
        "cx": 962.87146,
        "fx": 1461.1879
    },
    "h": 1440,
    "pos": [
        0.1716874,
        0.16408022,
        0.027516251
    ],
    "w": 1920
}