{
    "w": 1920,
    "pos": [
        0.09592369,
        0.40026474,
        -0.32294375
    ],
    "timestamp": 163920.780373833,
    "quat": [
        -0.321709,
        -0.51049936,
        -0.61956435,
        0.5020296
    ],
    "h": 1440,
    "intrinsics": {
        "fy": 1454.7057,
        "cy": 717.0816,
        "fx": 1454.7057,
        "cx": 959.71265
    }
}