{
    "h": 1440,
    "pos": [
        0.054061938,
        0.15241285,
        -0.06551885
    ],
    "intrinsics": {
        "fy": 1460.033,
        "cy": 716.9379,
        "cx": 963.71246,
        "fx": 1460.033
    },
    "timestamp": 163926.832405958,
    "w": 1920,
    "quat": [
        -0.09836043,
        -0.2054853,
        -0.7152369,
        0.6607096
    ]
}