{
    "pos": [
        -0.00026690215,
        0.21974976,
        -0.067102104
    ],
    "quat": [
        -0.03770419,
        -0.29828644,
        -0.7166919,
        0.62925065
    ],
    "intrinsics": {
        "cx": 963.24115,
        "fx": 1457.8147,
        "fy": 1457.8147,
        "cy": 717.12823
    },
    "h": 1440,
    "timestamp": 163925.231868708,
    "w": 1920
}