{
    "quat": [
        -0.13794856,
        -0.1620326,
        -0.7184272,
        0.66225225
    ],
    "h": 1440,
    "intrinsics": {
        "cx": 963.5858,
        "fx": 1462.5723,
        "cy": 716.86255,
        "fy": 1462.5723
    },
    "w": 1920,
    "pos": [
        0.10401732,
        0.14429373,
        -0.069321506
    ],
    "timestamp": 163927.432607458
}