{
    "timestamp": 163924.531633416,
    "quat": [
        -0.078113854,
        -0.3163791,
        -0.70956945,
        0.624751
    ],
    "pos": [
        0.004884612,
        0.27308542,
        -0.080644324
    ],
    "w": 1920,
    "intrinsics": {
        "cx": 962.6571,
        "cy": 716.93677,
        "fx": 1457.0193,
        "fy": 1457.0193
    },
    "h": 1440
}