{
    "timestamp": 163928.933111,
    "w": 1920,
    "h": 1440,
    "pos": [
        0.20871693,
        0.11647809,
        -0.09061289
    ],
    "quat": [
        -0.2311127,
        -0.040915783,
        -0.69225335,
        0.6824208
    ],
    "intrinsics": {
        "fy": 1466.5876,
        "cy": 716.65295,
        "fx": 1466.5876,
        "cx": 963.70306
    }
}