{
    "quat": [
        -0.04564557,
        -0.27701822,
        -0.7136419,
        0.64178854
    ],
    "w": 1920,
    "intrinsics": {
        "cy": 716.8911,
        "fx": 1458.7402,
        "cx": 963.45483,
        "fy": 1458.7402
    },
    "h": 1440,
    "timestamp": 163925.932103791,
    "pos": [
        0.00802021,
        0.1677992,
        -0.06947463
    ]
}