{
    "timestamp": 163923.831398416,
    "intrinsics": {
        "fy": 1457.1111,
        "cy": 717.07385,
        "fx": 1457.1111,
        "cx": 962.14124
    },
    "pos": [
        0.013306562,
        0.3188478,
        -0.11101818
    ],
    "w": 1920,
    "quat": [
        -0.1373566,
        -0.371003,
        -0.6997777,
        0.5948118
    ],
    "h": 1440
}