{
    "h": 1440,
    "quat": [
        -0.18862884,
        -0.1083564,
        -0.7048488,
        0.6751786
    ],
    "intrinsics": {
        "fx": 1465.0044,
        "fy": 1465.0044,
        "cy": 716.72766,
        "cx": 963.56976
    },
    "timestamp": 163928.1328425,
    "w": 1920,
    "pos": [
        0.15905349,
        0.12868701,
        -0.08216524
    ]
}