{
    "intrinsics": {
        "cy": 717.0546,
        "fx": 1461.1917,
        "cx": 959.8102,
        "fy": 1461.1917
    },
    "w": 1920,
    "pos": [
        0.044415563,
        0.3276476,
        -0.26701754
    ],
    "timestamp": 161414.770963166,
    "h": 1440,
    "quat": [
        -0.3660846,
        -0.45880997,
        -0.60328954,
        0.5399233
    ]
}