{
    "h": 1440,
    "timestamp": 161421.85665525,
    "w": 1920,
    "intrinsics": {
        "cx": 963.70734,
        "fx": 1470.236,
        "fy": 1470.236,
        "cy": 716.9995
    },
    "pos": [
        0.067532435,
        0.12483827,
        -0.041149106
    ],
    "quat": [
        -0.15755129,
        -0.15306428,
        -0.7204434,
        0.6578071
    ]
}