{
    "pos": [
        0.0318193,
        0.29092327,
        -0.11628027
    ],
    "quat": [
        -0.25014213,
        -0.34196395,
        -0.67719287,
        0.60158074
    ],
    "timestamp": 161417.471862333,
    "intrinsics": {
        "cy": 716.79987,
        "fx": 1463.0157,
        "fy": 1463.0157,
        "cx": 961.4411
    },
    "h": 1440,
    "w": 1920
}