{
    "intrinsics": {
        "fx": 1466.6833,
        "fy": 1466.6833,
        "cx": 962.43207,
        "cy": 717.03644
    },
    "w": 1920,
    "quat": [
        -0.19585724,
        -0.29263738,
        -0.69462985,
        0.6272899
    ],
    "h": 1440,
    "pos": [
        0.029168792,
        0.25002193,
        -0.08523888
    ],
    "timestamp": 161418.47219525
}