{
    "w": 1920,
    "pos": [
        0.14581247,
        0.10723399,
        -0.08952162
    ],
    "timestamp": 161423.157088208,
    "intrinsics": {
        "fy": 1473.3528,
        "cy": 716.5054,
        "fx": 1473.3528,
        "cx": 963.40247
    },
    "quat": [
        -0.27751142,
        -0.04398855,
        -0.6892193,
        0.6678542
    ],
    "h": 1440
}