{
    "pos": [
        0.029851397,
        0.20326653,
        -0.06046738
    ],
    "quat": [
        -0.14396234,
        -0.24599232,
        -0.7078125,
        0.6463466
    ],
    "intrinsics": {
        "fx": 1470.2666,
        "cx": 962.9222,
        "cy": 716.83905,
        "fy": 1470.2666
    },
    "h": 1440,
    "w": 1920,
    "timestamp": 161419.755955958
}