{
    "timestamp": 161423.95735475,
    "quat": [
        -0.34156254,
        0.023972297,
        -0.6502867,
        0.6781501
    ],
    "pos": [
        0.17922144,
        0.10221153,
        -0.11457261
    ],
    "intrinsics": {
        "cx": 963.5355,
        "fy": 1478.7029,
        "cy": 716.6147,
        "fx": 1478.7029
    },
    "w": 1920,
    "h": 1440
}