{
    "intrinsics": {
        "cy": 716.51416,
        "fy": 1470.8402,
        "cx": 963.461,
        "fx": 1470.8402
    },
    "timestamp": 161422.456855083,
    "h": 1440,
    "pos": [
        0.105847254,
        0.118509986,
        -0.06027647
    ],
    "quat": [
        -0.2249269,
        -0.09784186,
        -0.71166444,
        0.6583074
    ],
    "w": 1920
}