{
    "h": 1440,
    "pos": [
        0.040392593,
        0.32026696,
        -0.16241083
    ],
    "intrinsics": {
        "cx": 960.5584,
        "cy": 716.7822,
        "fx": 1461.8456,
        "fy": 1461.8456
    },
    "w": 1920,
    "timestamp": 161416.571562708,
    "quat": [
        -0.30908203,
        -0.39501372,
        -0.6508608,
        0.56992346
    ]
}