{
    "intrinsics": {
        "fx": 1469.693,
        "fy": 1469.693,
        "cy": 716.8503,
        "cx": 963.3688
    },
    "w": 1920,
    "h": 1440,
    "pos": [
        0.028496325,
        0.16070963,
        -0.032552127
    ],
    "quat": [
        -0.109123126,
        -0.19080546,
        -0.7179356,
        0.66049516
    ],
    "timestamp": 161420.756288916
}