{
    "quat": [
        -0.34119958,
        -0.43159908,
        -0.6277366,
        0.55068296
    ],
    "w": 1920,
    "intrinsics": {
        "fx": 1461.1993,
        "cy": 716.95233,
        "fy": 1461.1993,
        "cx": 960.0634
    },
    "h": 1440,
    "timestamp": 161415.971362916,
    "pos": [
        0.044278428,
        0.32742012,
        -0.21396318
    ]
}