{
    "h": 1440,
    "pos": [
        0.06644345,
        0.21507491,
        -0.13223696
    ],
    "quat": [
        -0.1748785,
        -0.33030584,
        -0.70255804,
        0.60558057
    ],
    "timestamp": 162447.3793845,
    "intrinsics": {
        "cx": 962.3168,
        "fy": 1469.0199,
        "cy": 716.6076,
        "fx": 1469.0199
    },
    "w": 1920
}