{
    "timestamp": 162446.67915075,
    "intrinsics": {
        "cy": 716.8782,
        "fx": 1469.0199,
        "cx": 961.8573,
        "fy": 1469.0199
    },
    "quat": [
        -0.1924379,
        -0.384004,
        -0.6991374,
        0.5715904
    ],
    "w": 1920,
    "pos": [
        0.09191906,
        0.2362206,
        -0.18070064
    ],
    "h": 1440
}