{
    "pos": [
        0.12956983,
        0.26842645,
        -0.25821447
    ],
    "quat": [
        -0.34160718,
        -0.4564397,
        -0.6412783,
        0.51354617
    ],
    "intrinsics": {
        "fy": 1465.559,
        "cx": 960.0357,
        "fx": 1465.559,
        "cy": 716.66376
    },
    "w": 1920,
    "h": 1440,
    "timestamp": 162444.37838275
}