{
    "quat": [
        -0.26806065,
        -0.4154464,
        -0.6752422,
        0.5473533
    ],
    "h": 1440,
    "w": 1920,
    "pos": [
        0.10562993,
        0.25617757,
        -0.214643
    ],
    "intrinsics": {
        "fy": 1466.1288,
        "cx": 960.8597,
        "cy": 716.739,
        "fx": 1466.1288
    },
    "timestamp": 162445.678816791
}