{
    "w": 1920,
    "pos": [
        0.040636286,
        0.19368996,
        -0.07901738
    ],
    "timestamp": 160494.519142791,
    "quat": [
        -0.19941331,
        -0.33574548,
        -0.69371784,
        0.60519814
    ],
    "h": 1440,
    "intrinsics": {
        "cy": 716.8495,
        "cx": 961.961,
        "fy": 1459.5089,
        "fx": 1459.5089
    }
}