{
    "pos": [
        0.18677369,
        0.02506168,
        -0.1204171
    ],
    "quat": [
        -0.3120179,
        -0.05104729,
        -0.6635234,
        0.6780676
    ],
    "h": 1440,
    "timestamp": 160499.720903291,
    "w": 1920,
    "intrinsics": {
        "fy": 1479.135,
        "cx": 963.3022,
        "cy": 716.48834,
        "fx": 1479.135
    }
}