{
    "intrinsics": {
        "fy": 1470.8059,
        "cx": 963.3364,
        "cy": 716.80164,
        "fx": 1470.8059
    },
    "w": 1920,
    "h": 1440,
    "timestamp": 160498.020327875,
    "pos": [
        0.10743231,
        0.039462432,
        -0.06688489
    ],
    "quat": [
        -0.19964275,
        -0.1780085,
        -0.7063444,
        0.6553878
    ]
}