{
    "intrinsics": {
        "fy": 1459.444,
        "cx": 960.3319,
        "cy": 716.85004,
        "fx": 1459.444
    },
    "w": 1920,
    "h": 1440,
    "timestamp": 160492.618499,
    "pos": [
        0.07285985,
        0.24660726,
        -0.22263022
    ],
    "quat": [
        -0.307232,
        -0.4309177,
        -0.65014523,
        0.5451875
    ]
}