{
    "intrinsics": {
        "fx": 1464.8552,
        "fy": 1464.8552,
        "cx": 963.134,
        "cy": 716.82355
    },
    "quat": [
        -0.1275183,
        -0.2590126,
        -0.7011157,
        0.65198797
    ],
    "h": 1440,
    "pos": [
        0.03174912,
        0.090647176,
        -0.051603507
    ],
    "w": 1920,
    "timestamp": 160496.01965075
}