{
    "pos": [
        0.085236534,
        0.24571964,
        -0.27805513
    ],
    "quat": [
        -0.3373965,
        -0.46181136,
        -0.6272492,
        0.52863234
    ],
    "h": 1440,
    "timestamp": 160491.2180245,
    "w": 1920,
    "intrinsics": {
        "cx": 960.15967,
        "fy": 1459.4401,
        "cy": 716.8655,
        "fx": 1459.4401
    }
}