{
    "h": 1440,
    "pos": [
        0.058239263,
        0.04552341,
        -0.053928085
    ],
    "quat": [
        -0.13865754,
        -0.21657285,
        -0.7073069,
        0.6584733
    ],
    "intrinsics": {
        "fy": 1467.3563,
        "cx": 963.4084,
        "cy": 716.9439,
        "fx": 1467.3563
    },
    "w": 1920,
    "timestamp": 160497.220057166
}