{
    "pos": [
        0.06547598,
        0.24334557,
        -0.16922987
    ],
    "h": 1440,
    "w": 1920,
    "timestamp": 160493.118668416,
    "intrinsics": {
        "fy": 1459.4974,
        "cx": 960.7237,
        "cy": 716.8422,
        "fx": 1459.4974
    },
    "quat": [
        -0.28285694,
        -0.41247103,
        -0.66339904,
        0.55656195
    ]
}