{
    "w": 1920,
    "pos": [
        0.032923367,
        0.1407318,
        -0.06366899
    ],
    "quat": [
        -0.15970783,
        -0.28707534,
        -0.70918703,
        0.62380666
    ],
    "intrinsics": {
        "fx": 1461.2797,
        "cx": 962.5932,
        "cy": 716.9176,
        "fy": 1461.2797
    },
    "h": 1440,
    "timestamp": 160495.219379875
}