{
    "pos": [
        0.048743706,
        0.2275321,
        -0.11836
    ],
    "h": 1440,
    "quat": [
        -0.24791643,
        -0.37739792,
        -0.6787006,
        0.57920086
    ],
    "intrinsics": {
        "cx": 961.3841,
        "fy": 1459.4745,
        "cy": 716.7625,
        "fx": 1459.4745
    },
    "w": 1920,
    "timestamp": 160493.8189055
}