{
    "intrinsics": {
        "fy": 1474.5651,
        "fx": 1474.5651,
        "cx": 963.18024,
        "cy": 716.51404
    },
    "h": 1440,
    "quat": [
        -0.26751876,
        -0.11481962,
        -0.6973524,
        0.65494263
    ],
    "w": 1920,
    "timestamp": 160498.820598791,
    "pos": [
        0.15445483,
        0.025122305,
        -0.092919596
    ]
}