{
    "pos": [
        0.016911358,
        0.25599444,
        -0.10812412
    ],
    "h": 1440,
    "timestamp": 163831.790664375,
    "w": 1920,
    "quat": [
        -0.133921,
        -0.36254925,
        -0.7118782,
        0.5863896
    ],
    "intrinsics": {
        "fx": 1456.9543,
        "fy": 1456.9543,
        "cx": 962.3326,
        "cy": 716.79095
    }
}