{
    "pos": [
        0.11728792,
        0.3455564,
        -0.35300726
    ],
    "quat": [
        0.33661014,
        0.5100815,
        0.63066727,
        -0.47829825
    ],
    "intrinsics": {
        "fx": 1457.0844,
        "cy": 716.8329,
        "fy": 1457.0844,
        "cx": 959.759
    },
    "h": 1440,
    "w": 1920,
    "timestamp": 163827.622573875
}