{
    "h": 1440,
    "pos": [
        0.16521266,
        0.093129456,
        -0.102635644
    ],
    "quat": [
        -0.21366234,
        -0.12029743,
        -0.6999314,
        0.6708003
    ],
    "intrinsics": {
        "cx": 963.7228,
        "cy": 716.81146,
        "fy": 1464.1249,
        "fx": 1464.1249
    },
    "timestamp": 163836.775698333,
    "w": 1920
}