{
    "w": 1920,
    "intrinsics": {
        "cy": 716.9606,
        "cx": 963.542,
        "fx": 1459.3828,
        "fy": 1459.3828
    },
    "pos": [
        0.0065533184,
        0.15525877,
        -0.08526297
    ],
    "quat": [
        -0.043893352,
        -0.28252974,
        -0.7112731,
        0.6421379
    ],
    "h": 1440,
    "timestamp": 163833.574606458
}