{
    "pos": [
        0.050568324,
        0.32304764,
        -0.18091938
    ],
    "w": 1920,
    "h": 1440,
    "quat": [
        -0.2257944,
        -0.4414496,
        -0.6845638,
        0.53433275
    ],
    "intrinsics": {
        "fy": 1457.6311,
        "fx": 1457.6311,
        "cx": 961.0914,
        "cy": 716.82526
    },
    "timestamp": 163830.490220333
}