{
    "intrinsics": {
        "cx": 963.01935,
        "fy": 1456.9315,
        "fx": 1456.9315,
        "cy": 716.901
    },
    "quat": [
        -0.100049086,
        -0.32571995,
        -0.7056416,
        0.621262
    ],
    "timestamp": 163832.674299333,
    "h": 1440,
    "pos": [
        0.010980871,
        0.20291227,
        -0.1011026
    ],
    "w": 1920
}