{
    "intrinsics": {
        "cx": 961.64197,
        "cy": 716.8644,
        "fx": 1457.6427,
        "fy": 1457.6427
    },
    "pos": [
        0.03234451,
        0.29504785,
        -0.14173847
    ],
    "w": 1920,
    "h": 1440,
    "timestamp": 163831.090425291,
    "quat": [
        -0.19064723,
        -0.40228823,
        -0.6970291,
        0.56211054
    ]
}