{
    "h": 1440,
    "quat": [
        -0.1526813,
        -0.17220482,
        -0.71214426,
        0.663238
    ],
    "timestamp": 163835.875391333,
    "pos": [
        0.11319788,
        0.090621345,
        -0.08384314
    ],
    "w": 1920,
    "intrinsics": {
        "cx": 963.7669,
        "cy": 716.8832,
        "fx": 1461.8953,
        "fy": 1461.8953
    }
}