{
    "pos": [
        0.21203472,
        0.104710765,
        -0.11658636
    ],
    "h": 1440,
    "w": 1920,
    "timestamp": 163837.876073458,
    "intrinsics": {
        "cx": 963.6455,
        "cy": 716.66315,
        "fx": 1466.6833,
        "fy": 1466.6833
    },
    "quat": [
        -0.2566242,
        -0.06757006,
        -0.673362,
        0.6900449
    ]
}