{
    "timestamp": 163834.374879458,
    "intrinsics": {
        "fx": 1460.0062,
        "fy": 1460.0062,
        "cx": 963.9341,
        "cy": 717.17456
    },
    "pos": [
        0.008791108,
        0.103696845,
        -0.07711584
    ],
    "w": 1920,
    "quat": [
        -0.019616336,
        -0.2578995,
        -0.7029948,
        0.66249627
    ],
    "h": 1440
}