{
    "quat": [
        -0.08772038,
        -0.22066078,
        -0.712109,
        0.6606927
    ],
    "pos": [
        0.058619622,
        0.08964663,
        -0.08174187
    ],
    "h": 1440,
    "timestamp": 163835.075118416,
    "intrinsics": {
        "fx": 1461.2528,
        "fy": 1461.2528,
        "cx": 963.9684,
        "cy": 717.1535
    },
    "w": 1920
}