{
    "quat": [
        -0.2501062,
        -0.07437469,
        -0.69783425,
        0.6670402
    ],
    "w": 1920,
    "timestamp": 163091.121975166,
    "h": 1440,
    "intrinsics": {
        "cx": 963.70447,
        "fy": 1464.9355,
        "cy": 716.5713,
        "fx": 1464.9355
    },
    "pos": [
        0.2186524,
        0.08318736,
        -0.15304904
    ]
}