{
    "pos": [
        0.2646994,
        0.085223645,
        -0.17917837
    ],
    "timestamp": 163091.922246291,
    "h": 1440,
    "quat": [
        -0.29544315,
        -0.01855875,
        -0.6866767,
        0.66396093
    ],
    "intrinsics": {
        "cy": 716.44495,
        "cx": 963.69226,
        "fy": 1468.4769,
        "fx": 1468.4769
    },
    "w": 1920
}