{
    "quat": [
        -0.18444893,
        -0.39022455,
        -0.69900596,
        0.5701703
    ],
    "pos": [
        0.07765214,
        0.2605791,
        -0.20910934
    ],
    "w": 1920,
    "intrinsics": {
        "cy": 716.8312,
        "fx": 1463.639,
        "fy": 1463.639,
        "cx": 961.62823
    },
    "h": 1440,
    "timestamp": 163084.619769833
}