{
    "quat": [
        -0.17817253,
        -0.13179247,
        -0.7132469,
        0.66495425
    ],
    "intrinsics": {
        "fx": 1464.8896,
        "fy": 1464.8896,
        "cy": 716.72986,
        "cx": 963.69867
    },
    "h": 1440,
    "w": 1920,
    "pos": [
        0.17266099,
        0.08464789,
        -0.12863715
    ],
    "timestamp": 163090.321703875
}