{
    "timestamp": 163085.420041333,
    "pos": [
        0.063557476,
        0.23462126,
        -0.17042121
    ],
    "quat": [
        -0.1323279,
        -0.3280728,
        -0.71025884,
        0.6085968
    ],
    "w": 1920,
    "intrinsics": {
        "fx": 1464.2664,
        "cx": 962.5591,
        "fy": 1464.2664,
        "cy": 716.77527
    },
    "h": 1440
}