{
    "timestamp": 163086.420380833,
    "intrinsics": {
        "cx": 963.3046,
        "fy": 1463.0197,
        "fx": 1463.0197,
        "cy": 716.84393
    },
    "pos": [
        0.057976346,
        0.18983108,
        -0.14446004
    ],
    "w": 1920,
    "quat": [
        -0.09035572,
        -0.28224814,
        -0.71142834,
        0.6372139
    ],
    "h": 1440
}