{
    "quat": [
        -0.025566287,
        -0.23022652,
        -0.70896333,
        0.666118
    ],
    "timestamp": 163088.62112725,
    "h": 1440,
    "intrinsics": {
        "cy": 717.11084,
        "fx": 1465.4978,
        "fy": 1465.4978,
        "cx": 963.877
    },
    "pos": [
        0.06372942,
        0.088026,
        -0.13519163
    ],
    "w": 1920
}