{
    "w": 1920,
    "quat": [
        -0.107490785,
        -0.19010706,
        -0.71640074,
        0.6626274
    ],
    "pos": [
        0.11979231,
        0.08603251,
        -0.12702504
    ],
    "h": 1440,
    "timestamp": 163089.521432625,
    "intrinsics": {
        "cy": 717.0296,
        "fx": 1465.4978,
        "fy": 1465.4978,
        "cx": 963.8942
    }
}