{
    "w": 1920,
    "pos": [
        0.05906524,
        0.13858281,
        -0.13410783
    ],
    "quat": [
        -0.06912666,
        -0.26599765,
        -0.7036507,
        0.6552423
    ],
    "h": 1440,
    "timestamp": 163087.420720208,
    "intrinsics": {
        "fx": 1463.0731,
        "cx": 963.53235,
        "fy": 1463.0731,
        "cy": 717.0355
    }
}