{
    "intrinsics": {
        "cx": 959.3323,
        "cy": 716.87726,
        "fx": 1463.6775,
        "fy": 1463.6775
    },
    "h": 1440,
    "w": 1920,
    "pos": [
        0.12822981,
        0.29793245,
        -0.38807267
    ],
    "quat": [
        0.36752993,
        0.5177226,
        0.61084026,
        -0.4730319
    ],
    "timestamp": 163081.452027166
}